{
  "applied": 0,
  "scale": 0.0,
  "turned_today": 49989.597588,
  "equity_usd": 99960.00793747972
}

