{
  "run_id": "884fe6a4-176c-4edf-93b8-b8e65ad41cfb",
  "reason": "CLI:paper",
  "state": "LOCKED",
  "started_at": 1755735937.2356248,
  "phases": {
    "FREEZE": {
      "start": 1755735937.2380967,
      "end": 1755735937.2380967,
      "ok": true,
      "error": null
    },
    "CANCEL": {
      "start": 1755735937.2380967,
      "end": 1755735937.7505875,
      "ok": true,
      "error": null
    },
    "FLATTEN": {
      "start": 1755735937.7505875,
      "end": 1755735938.262763,
      "ok": true,
      "error": null
    },
    "VERIFY": {
      "start": 1755735938.262763,
      "end": 1755735938.3748798,
      "ok": true,
      "error": null
    }
  }
}