{
  "run_id": "f16cfd5f-5058-4610-a993-20a0195b95be",
  "reason": "TEST",
  "state": "LOCKED",
  "started_at": 1755735032.4185302,
  "phases": {
    "FREEZE": {
      "start": 1755735032.4185302,
      "end": 1755735032.4185302,
      "ok": true,
      "error": null
    },
    "CANCEL": {
      "start": 1755735032.4185302,
      "end": 1755735032.9276736,
      "ok": true,
      "error": null
    },
    "FLATTEN": {
      "start": 1755735032.9276736,
      "end": 1755735033.438021,
      "ok": true,
      "error": null
    },
    "VERIFY": {
      "start": 1755735033.438021,
      "end": 1755735033.5465567,
      "ok": true,
      "error": null
    }
  }
}