{
  "run_id": "653e5001-0d1b-446e-ba4a-2c10c3d36fe0",
  "reason": "TEST",
  "state": "LOCKED",
  "started_at": 1755735063.69411,
  "phases": {
    "FREEZE": {
      "start": 1755735063.69411,
      "end": 1755735063.69411,
      "ok": true,
      "error": null
    },
    "CANCEL": {
      "start": 1755735063.69411,
      "end": 1755735064.206607,
      "ok": true,
      "error": null
    },
    "FLATTEN": {
      "start": 1755735064.206607,
      "end": 1755735064.716456,
      "ok": true,
      "error": null
    },
    "VERIFY": {
      "start": 1755735064.716456,
      "end": 1755735064.8283646,
      "ok": true,
      "error": null
    }
  }
}